{"cameraMode":{"drawMode":0,"name":"Shaded","section":"Shading Mode"},"sceneLighting":true,"audioPlay":false,"sceneViewState":{"m_AlwaysRefresh":true,"showFog":true,"showSkybox":true,"showFlares":true,"showImageEffects":true,"showParticleSystems":true,"showVisualEffectGraphs":true,"m_FxEnabled":true},"in2DMode":false,"pivot":{"x":12.943902015686036,"y":15.193435668945313,"z":0.9743095636367798},"rotation":{"x":0.3513961136341095,"y":-0.5765432715415955,"z":0.3008081614971161,"w":0.6734858751296997},"size":0.8811837434768677,"orthographic":false}