{"cameraMode":{"drawMode":0,"name":"Shaded","section":"Shading Mode"},"sceneLighting":true,"audioPlay":false,"sceneViewState":{"m_AlwaysRefresh":true,"showFog":true,"showSkybox":true,"showFlares":true,"showImageEffects":true,"showParticleSystems":true,"showVisualEffectGraphs":true,"m_FxEnabled":true},"in2DMode":false,"pivot":{"x":323.4220275878906,"y":-175.97918701171876,"z":759.3472900390625},"rotation":{"x":0.11670999228954315,"y":0.19822178781032563,"z":-0.02379106730222702,"w":0.972859263420105},"size":454.47222900390627,"orthographic":false}