{"cameraMode":{"drawMode":0,"name":"Shaded","section":"Shading Mode"},"sceneLighting":true,"audioPlay":false,"sceneViewState":{"m_AlwaysRefresh":false,"showFog":true,"showSkybox":true,"showFlares":true,"showImageEffects":true,"showParticleSystems":true,"showVisualEffectGraphs":true,"m_FxEnabled":true},"in2DMode":false,"pivot":{"x":-0.0042310357093811039,"y":31.57742691040039,"z":-6.286581993103027},"rotation":{"x":0.3535430133342743,"y":-0.025245126336812974,"z":0.009564540348947049,"w":0.9350128769874573},"size":5.935140132904053,"orthographic":false}